Dates,2.1.1,2.4.4,2.5.2,2.5.5,2.1.5,1.1.4,1.5.3,2.1.4,1.4.3,2.3.1,2.5.1,1.2.2,1.3.1,2.5.4,2.4.1,2.3.4
1/1/18,-0.338847,0.059958,0.184735,0.071229,0.297795,-0.361474,-0.234860,0.041649,-0.078411,-0.047409,0.330642,0.158046,0.055897,0.326517,-0.024449,-0.151723
1/2/18,-0.058941,0.200253,-0.100673,0.286631,0.299259,-0.009857,0.102559,-0.287781,-0.291969,-0.190915,0.288601,-0.063096,-0.034762,-0.366684,0.047323,0.293158
1/3/18,0.327717,0.081312,-0.119913,0.131705,0.302048,-0.179114,-0.313157,-0.337772,0.023816,0.222781,-0.236256,0.194626,-0.208950,-0.365269,-0.025537,0.366906
1/4/18,0.246053,-0.149685,0.226349,-0.177992,-0.200511,0.254769,0.115577,-0.073523,0.168871,0.343527,-0.033567,-0.225066,0.218008,-0.173495,0.302799,0.039986
1/5/18,0.121020,0.381905,0.075462,0.196548,-0.261667,0.364854,0.353610,0.077370,0.120526,0.329312,-0.068659,0.416481,-0.270456,0.269093,-0.038015,0.032652
1/6/18,-0.187138,0.184522,0.235213,0.419350,0.154066,-0.121180,0.345112,-0.221178,0.409469,-0.208117,0.235557,-0.275704,-0.206251,0.172590,0.001387,0.142111
1/7/18,0.272671,-0.214012,0.102210,0.177786,-0.082850,-0.043480,0.028420,0.138935,0.274070,0.040630,0.137285,-0.070283,0.207616,-0.134586,-0.008541,-0.176403
1/8/18,-0.259145,0.136507,-0.034987,0.239700,0.201250,0.280025,0.111606,0.285778,-0.221533,0.056497,0.075575,0.240777,-0.348540,-0.015941,0.238869,-0.028224
1/9/18,0.191111,0.267466,0.077325,0.125629,-0.168110,-0.094540,0.213552,0.193247,0.091844,0.159972,-0.042522,-0.194083,0.451929,0.285147,0.276287,0.019755
1/10/18,0.150303,-0.044666,-0.121617,0.012841,0.071933,0.055006,0.043405,0.012184,0.235838,0.132203,0.409535,0.118358,-0.227253,0.289785,-0.096696,0.392610
1/11/18,0.079515,0.293579,0.023503,0.259793,-0.064104,0.454631,0.193299,0.187917,0.126148,0.417989,-0.009390,0.458055,0.078124,-0.038800,0.342162,-0.079266
1/12/18,0.049743,0.272433,-0.046602,0.425110,0.194820,0.327326,0.115528,0.396051,0.149163,0.002722,0.264379,0.240483,0.381564,0.276739,-0.166400,0.291083
1/13/18,0.082248,0.166219,-0.008383,-0.132175,-0.189579,0.439766,0.287531,0.225745,0.060836,0.367973,0.235410,0.241482,-0.093149,0.430631,0.396111,0.327665
1/14/18,0.187944,-0.139868,0.171259,0.327016,0.292709,-0.083641,-0.225979,0.291025,0.378803,0.022034,0.074851,0.114973,0.119296,0.265994,0.163483,0.333691
1/15/18,-0.131098,0.070225,0.465984,-0.141007,0.193514,0.331243,-0.088612,0.069645,-0.047351,0.450867,0.144691,0.121382,-0.057316,0.284475,0.294705,0.245632
1/16/18,0.033046,0.160857,0.283516,0.236688,0.409646,0.229871,0.073747,0.178471,0.137280,0.367698,-0.161874,-0.000969,-0.192138,0.129062,0.188572,0.063959
1/17/18,0.415321,-0.154276,-0.175313,0.218729,0.005042,0.415828,-0.073432,0.274963,0.368330,0.192737,0.309896,0.096159,0.206633,0.182390,0.243895,-0.026044
1/18/18,-0.066735,0.477429,0.361147,0.192029,0.221214,0.193456,0.451135,-0.026442,0.232641,0.007727,0.413322,0.492860,-0.057727,0.290911,0.133310,0.367176
1/19/18,-0.073474,0.050747,0.177623,0.235585,-0.037142,0.057787,0.364910,-0.031079,-0.065614,0.080477,0.073846,0.172118,0.298300,0.329259,-0.031771,0.052151
1/20/18,0.319275,0.162750,0.131400,0.025261,0.164437,-0.048827,-0.062104,0.445625,0.034340,0.249832,0.175878,0.257895,0.001872,0.487349,0.287289,0.340628
1/21/18,0.447557,-0.009516,-0.063824,0.281941,-0.133313,0.189606,-0.140981,0.208028,0.326079,0.117936,0.189545,0.436820,-0.035024,-0.027591,0.336485,-0.004210
1/22/18,-0.101617,0.008915,0.444242,0.128079,0.401134,0.088119,0.031999,0.398248,0.194211,0.343111,0.384387,0.409731,0.407645,0.461445,0.080486,-0.041969
1/23/18,0.300574,0.475066,0.032809,0.233199,0.065118,0.370178,0.089695,0.260390,0.325541,0.189667,0.185699,0.361556,0.121845,0.353011,0.415285,0.328404
1/24/18,0.534973,0.532675,0.328229,0.140154,0.290489,0.300073,0.264937,0.037289,0.075505,0.346128,0.202970,0.510685,0.171038,0.122728,0.435413,0.307394
1/25/18,0.484353,-0.066561,0.103393,-0.073667,0.356941,0.398794,0.507550,0.086844,0.005204,0.251210,0.115359,0.125249,0.056542,0.220607,0.213842,0.474964
1/26/18,0.328270,0.376100,0.153049,0.010846,0.276171,0.388145,0.363325,0.249650,0.017150,0.397882,0.413500,0.321313,0.164077,0.516594,0.248351,0.407783
1/27/18,0.133959,0.297308,0.132392,0.463363,0.125896,0.345380,0.291679,0.176068,0.162399,0.516621,0.316905,0.158225,0.298785,0.441374,0.464774,0.466005
1/28/18,0.425793,0.097120,0.513779,0.081069,0.237831,0.273937,0.250771,0.286179,0.225513,0.075837,0.084548,0.170473,0.474999,0.188629,0.071346,0.190635
1/29/18,0.245653,0.430767,0.410231,0.470276,0.346192,0.321355,0.453981,0.337149,0.329504,0.551431,0.138630,0.560986,0.455662,0.313024,0.064613,0.322044
1/30/18,0.286649,0.132045,0.442573,0.544937,0.382331,0.568041,0.555145,0.197141,0.332137,0.143123,0.239983,0.435097,0.437921,0.277961,0.512371,0.390168
1/31/18,0.140131,0.274189,0.203734,0.526060,0.086377,0.042130,0.304213,0.358661,0.347225,0.103622,0.048639,0.049202,0.286654,0.227217,-0.007180,0.382771
2/1/18,0.304045,0.132654,0.439855,0.192491,0.454114,0.516844,0.531844,0.324080,0.188432,0.428155,0.307356,0.563314,0.172821,0.553956,0.480742,0.448532
2/2/18,0.194374,0.386095,0.396786,0.249303,0.118998,0.565546,0.473559,0.256560,0.336864,0.131914,0.299345,0.450454,0.231540,0.212754,0.111936,0.514957
2/3/18,0.509346,0.242209,0.514137,0.486451,0.440372,0.105743,0.135624,0.269030,0.302203,0.413587,0.444948,0.096928,0.276722,0.494531,0.457221,0.083950
2/4/18,0.244720,0.535794,0.102922,0.058422,0.111914,0.324470,0.394819,0.460805,0.146153,0.461585,0.276774,0.336629,0.335425,0.453158,0.262900,0.318676
2/5/18,0.250632,0.243276,0.255009,0.364606,0.559168,0.385022,0.308940,0.351647,0.291965,0.562928,0.523185,0.487003,0.577620,0.469047,0.367635,0.128682
2/6/18,0.426732,0.316195,0.188569,0.361380,0.443112,0.309959,0.389391,0.346144,0.254665,0.333076,0.302789,0.454480,0.219258,0.317699,0.301188,0.587617
2/7/18,0.553768,0.230279,0.622558,0.412838,0.516562,0.393050,0.383930,0.566266,0.418447,0.359165,0.373001,0.469520,0.455794,0.246094,0.345985,0.366518
2/8/18,0.550266,0.583971,0.210379,0.321490,0.390673,0.520212,0.548877,0.281253,0.420830,0.503249,0.316668,0.457242,0.307290,0.208798,0.473245,0.287602
2/9/18,0.504457,0.454005,0.269131,0.436111,0.250777,0.349496,0.244877,0.312313,0.281595,0.316782,0.468657,0.256133,0.301711,0.332975,0.387233,0.248829
2/10/18,0.241331,0.469686,0.264932,0.222381,0.580880,0.338672,0.243892,0.523858,0.597160,0.489986,0.353499,0.371026,0.217344,0.354661,0.201737,0.345555
2/11/18,0.265667,0.416435,0.318160,0.313983,0.286844,0.335200,0.428320,0.474097,0.526255,0.288368,0.446074,0.569306,0.519257,0.288937,0.323041,0.463600
2/12/18,0.381658,0.365419,0.244365,0.282270,0.614511,0.214405,0.465905,0.523148,0.344415,0.389048,0.546042,0.607022,0.552295,0.435165,0.567381,0.395496
2/13/18,0.595868,0.290241,0.558525,0.291968,0.330745,0.554961,0.504246,0.482483,0.398476,0.646033,0.509312,0.644941,0.359136,0.282575,0.636477,0.366627
2/14/18,0.376486,0.375581,0.412185,0.446778,0.297980,0.385088,0.534668,0.628997,0.316187,0.477126,0.538832,0.505494,0.429560,0.315986,0.320784,0.525804
2/15/18,0.642016,0.312948,0.387467,0.263811,0.523963,0.633862,0.595772,0.343288,0.630079,0.288933,0.366959,0.646035,0.574981,0.655491,0.565320,0.377763
2/16/18,0.519260,0.435342,0.343528,0.312622,0.525785,0.336896,0.403890,0.422430,0.413054,0.631615,0.398885,0.591539,0.506459,0.450594,0.528567,0.423323
2/17/18,0.624322,0.396030,0.428564,0.489659,0.512908,0.288355,0.646913,0.376260,0.653501,0.645588,0.466528,0.476022,0.469108,0.410712,0.595439,0.391122
2/18/18,0.570184,0.554881,0.627571,0.471827,0.465116,0.537996,0.423077,0.331915,0.341448,0.479092,0.367143,0.651078,0.492276,0.341124,0.594041,0.475259
2/19/18,0.474448,0.419886,0.656320,0.483637,0.525317,0.560029,0.525075,0.480805,0.489361,0.347282,0.547842,0.663722,0.392932,0.522077,0.558736,0.664670
2/20/18,0.389537,0.567192,0.374444,0.434258,0.582329,0.345739,0.555523,0.399713,0.386296,0.422698,0.464303,0.667452,0.417882,0.628134,0.687978,0.565383
2/21/18,0.588922,0.579931,0.437141,0.453503,0.435228,0.389897,0.495997,0.382177,0.443027,0.637061,0.415024,0.499634,0.477165,0.695929,0.706029,0.409144
2/22/18,0.388729,0.585081,0.540460,0.560001,0.667215,0.592465,0.549348,0.541241,0.564371,0.376147,0.627466,0.489756,0.568395,0.418520,0.337562,0.615918
2/23/18,0.385778,0.621636,0.375352,0.685408,0.482854,0.337029,0.613737,0.552370,0.572561,0.487546,0.582697,0.549376,0.370104,0.429072,0.534138,0.601905
2/24/18,0.595724,0.352129,0.435756,0.493128,0.664255,0.494942,0.362139,0.646972,0.605370,0.480742,0.366491,0.670293,0.367228,0.327805,0.543938,0.638240
2/25/18,0.507406,0.495470,0.680069,0.616365,0.430770,0.410284,0.465982,0.508257,0.524572,0.494839,0.670365,0.446207,0.722765,0.432095,0.443083,0.676199
2/26/18,0.656552,0.714798,0.501370,0.517278,0.623375,0.462865,0.512264,0.586981,0.547252,0.511683,0.578164,0.566994,0.493775,0.528243,0.523293,0.695906
2/27/18,0.606694,0.688346,0.452976,0.548854,0.544889,0.532518,0.411619,0.451848,0.464246,0.447029,0.493993,0.508297,0.670833,0.519612,0.554708,0.575845
2/28/18,0.483756,0.506657,0.675980,0.734395,0.455349,0.492784,0.642888,0.723954,0.690344,0.554796,0.635496,0.669166,0.603726,0.448421,0.556089,0.693323
3/1/18,0.675845,0.614478,0.589995,0.491276,0.649710,0.600861,0.697280,0.495490,0.643741,0.682806,0.722392,0.591253,0.579146,0.631482,0.480866,0.588521
3/2/18,0.564641,0.510239,0.505625,0.527876,0.557799,0.539205,0.514079,0.645611,0.584152,0.593536,0.691126,0.545460,0.569014,0.590194,0.703908,0.723111
3/3/18,0.659886,0.600005,0.616961,0.650177,0.732057,0.559634,0.699519,0.477055,0.637448,0.598727,0.547093,0.566272,0.559302,0.551266,0.503040,0.756662
3/4/18,0.529070,0.731514,0.497550,0.634305,0.625512,0.699301,0.514181,0.613202,0.593655,0.729087,0.669699,0.543483,0.633095,0.541517,0.498523,0.586583
3/5/18,0.665319,0.735065,0.577628,0.652521,0.757580,0.727081,0.516278,0.691148,0.687130,0.569332,0.661563,0.632135,0.490135,0.488915,0.759944,0.673944
3/6/18,0.766648,0.665375,0.767101,0.652383,0.623391,0.569084,0.503499,0.595353,0.557695,0.501490,0.512660,0.563822,0.758011,0.509300,0.709433,0.571992
3/7/18,0.578536,0.771485,0.768412,0.742236,0.777871,0.617079,0.580039,0.671809,0.783961,0.687957,0.639851,0.677673,0.533082,0.688737,0.750765,0.644785
3/8/18,0.740422,0.676835,0.681784,0.729226,0.714258,0.775406,0.703081,0.691846,0.640447,0.746262,0.777562,0.684640,0.617476,0.689907,0.684675,0.702220
3/9/18,0.749080,0.617831,0.753063,0.672163,0.768061,0.665085,0.713183,0.689201,0.761447,0.780702,0.784987,0.589532,0.668551,0.802087,0.648744,0.726588
3/10/18,0.682233,0.755790,0.578428,0.805483,0.615984,0.615281,0.737908,0.736932,0.753716,0.620719,0.632671,0.737765,0.713114,0.582130,0.586809,0.615344
3/11/18,0.681045,0.663556,0.679240,0.613400,0.760064,0.614577,0.630828,0.671239,0.650431,0.807798,0.693045,0.755342,0.787330,0.598504,0.729326,0.607158
3/12/18,0.705749,0.678050,0.724469,0.605839,0.634932,0.762548,0.790436,0.699682,0.698257,0.691624,0.700591,0.692382,0.607678,0.603498,0.630968,0.646072
3/13/18,0.786062,0.778688,0.630016,0.719680,0.792793,0.672600,0.667055,0.619656,0.736543,0.679787,0.692149,0.708364,0.714710,0.806107,0.652517,0.643178
3/14/18,0.771068,0.734169,0.653007,0.754999,0.708035,0.805735,0.835833,0.703244,0.728747,0.641574,0.652664,0.835864,0.787211,0.769327,0.765167,0.823545
3/15/18,0.731684,0.640302,0.637236,0.644385,0.668879,0.669489,0.685627,0.707189,0.803303,0.782188,0.808639,0.654877,0.667534,0.679897,0.805587,0.757233
3/16/18,0.765997,0.635792,0.641471,0.700009,0.688753,0.631507,0.738831,0.828994,0.827081,0.782218,0.802645,0.749735,0.644633,0.813931,0.642619,0.797309
3/17/18,0.726191,0.848558,0.761279,0.843049,0.682704,0.725954,0.754756,0.835118,0.852257,0.690207,0.714277,0.715963,0.712464,0.852829,0.808826,0.712849
3/18/18,0.789934,0.705794,0.799159,0.711019,0.817396,0.712859,0.857908,0.825200,0.752796,0.783359,0.713041,0.813856,0.827025,0.824569,0.777345,0.698299
3/19/18,0.690220,0.729868,0.749172,0.713989,0.737025,0.751154,0.845484,0.693456,0.681105,0.762048,0.736277,0.856561,0.847457,0.719763,0.829347,0.815494
3/20/18,0.739956,0.862850,0.856017,0.798637,0.800218,0.862450,0.839469,0.723161,0.718121,0.734002,0.858402,0.750713,0.832506,0.768798,0.853009,0.802055
3/21/18,0.847568,0.827199,0.770696,0.798496,0.788908,0.754532,0.754676,0.857446,0.813948,0.824730,0.798470,0.837117,0.734041,0.799762,0.836907,0.814577
3/22/18,0.872932,0.758427,0.813578,0.828265,0.826545,0.822182,0.810219,0.883492,0.856643,0.807718,0.820786,0.779047,0.835573,0.803746,0.791700,0.864700
3/23/18,0.831173,0.817303,0.887214,0.799998,0.869282,0.797599,0.766646,0.754183,0.812209,0.807428,0.763096,0.762186,0.802967,0.865552,0.776252,0.844041
3/24/18,0.760776,0.763915,0.854295,0.778550,0.806437,0.858850,0.770612,0.836334,0.828537,0.757580,0.822191,0.870398,0.818527,0.784028,0.795024,0.873829
3/25/18,0.841561,0.863769,0.834938,0.892314,0.796415,0.795370,0.850453,0.848690,0.772419,0.889202,0.835090,0.824110,0.805786,0.789391,0.890593,0.790318
3/26/18,0.814551,0.802485,0.880064,0.822101,0.867255,0.817930,0.812045,0.835296,0.830986,0.910531,0.892808,0.879417,0.886362,0.884501,0.847863,0.848555
3/27/18,0.812642,0.911054,0.901640,0.854172,0.885349,0.910777,0.893717,0.858573,0.897985,0.832300,0.885491,0.823974,0.859991,0.841842,0.852072,0.866520
3/28/18,0.850148,0.891201,0.893047,0.847515,0.914405,0.876869,0.915479,0.829577,0.904226,0.888472,0.826871,0.914428,0.860843,0.890586,0.911370,0.840323
3/29/18,0.848072,0.905457,0.889983,0.847196,0.911993,0.911659,0.919357,0.863836,0.909727,0.848290,0.911225,0.898265,0.921571,0.842816,0.924449,0.905142
3/30/18,0.881957,0.897932,0.910938,0.881060,0.847481,0.906068,0.875435,0.893518,0.897028,0.853428,0.853460,0.856051,0.864215,0.861933,0.919777,0.908374
3/31/18,0.888920,0.889115,0.872582,0.915500,0.903332,0.938678,0.897597,0.919539,0.885827,0.889885,0.894671,0.896188,0.901582,0.923379,0.893923,0.869619
4/1/18,0.892656,0.935234,0.938871,0.921062,0.905744,0.916813,0.885472,0.878226,0.879334,0.914224,0.888443,0.900703,0.934624,0.928425,0.915079,0.898759
4/2/18,0.923789,0.904119,0.922640,0.928205,0.948780,0.948010,0.903748,0.937296,0.920532,0.935943,0.901566,0.949121,0.942422,0.934597,0.911731,0.908139
4/3/18,-0.185796,-0.263742,0.199721,-0.028656,-0.287053,0.363243,0.348402,-0.053457,-0.176724,0.232766,-0.055304,0.223344,-0.310689,0.232961,0.202920,0.318695
4/4/18,0.071971,0.248767,-0.348242,-0.237944,0.286517,-0.099131,-0.117515,0.111048,0.104133,-0.128806,-0.113369,0.375025,-0.196780,0.073896,0.171013,0.178280
4/5/18,0.311394,0.111753,0.115285,-0.071018,0.048786,0.174260,-0.132123,-0.116341,0.038882,0.158513,0.280093,0.209591,0.129919,0.033925,0.225622,0.278009
4/6/18,-0.316073,-0.287108,0.064746,0.324896,-0.260084,-0.020000,-0.047623,-0.169732,-0.183596,-0.047900,-0.203300,-0.008748,-0.128709,0.238014,-0.230087,-0.094847
4/7/18,-0.293275,-0.064857,0.074070,-0.304297,0.269086,0.214836,0.220951,-0.068027,-0.092033,-0.355980,0.112856,-0.321336,-0.143194,-0.289409,-0.077972,-0.088691
4/8/18,-0.267798,-0.207848,-0.181572,0.081488,-0.153499,0.342350,-0.002834,-0.150368,-0.073202,0.218741,0.123688,0.101799,0.361047,-0.292924,0.051917,0.212697
4/9/18,0.092175,0.198957,0.410298,-0.150084,0.367084,0.336192,-0.059812,0.255566,-0.030732,-0.131108,-0.220626,-0.232995,0.182211,0.242425,-0.136322,0.175309
4/10/18,0.420476,0.339022,0.418206,0.267321,0.252371,-0.190931,-0.278411,-0.141655,0.277101,0.148507,0.002240,0.384321,0.397817,0.258388,-0.215253,-0.160300
4/11/18,0.328522,0.333486,-0.327258,-0.355115,-0.037799,-0.247266,-0.217028,-0.312962,0.330108,-0.343323,0.244949,0.289125,-0.304017,0.048652,-0.153586,0.329989
4/12/18,0.118647,0.389499,0.205133,0.021855,-0.052815,0.299767,0.245754,-0.065538,0.335426,0.048724,0.059343,0.405797,0.125696,0.405411,0.292829,-0.099596
4/13/18,0.039293,-0.173042,0.198361,0.039764,-0.267376,0.398892,-0.099463,0.378369,-0.140974,-0.116794,0.221986,-0.010800,0.153464,0.217465,0.096808,0.219252
4/14/18,-0.197568,0.342782,0.290330,-0.055828,0.047083,-0.079332,0.188876,0.296122,0.382958,-0.071560,0.083946,-0.051648,-0.046676,0.307911,0.227591,-0.198351
4/15/18,-0.223784,-0.215492,0.387401,0.317569,-0.079893,0.074081,-0.228767,-0.177552,0.327923,-0.005929,-0.152502,0.132661,0.325046,0.015256,-0.012457,0.344865
4/16/18,0.089208,0.321949,0.000463,0.217940,-0.029587,0.406880,0.127373,0.099105,0.346924,-0.205504,0.264070,-0.079856,-0.056518,0.276655,0.314530,0.332277
4/17/18,-0.068041,0.267273,-0.032003,-0.068144,-0.012771,0.390380,0.056430,-0.004633,0.050873,0.343897,0.095612,0.411412,-0.010501,0.018806,0.148099,0.000869
4/18/18,0.045036,0.415042,-0.163460,-0.186488,0.307908,-0.154739,0.199596,0.141455,-0.203649,0.028497,-0.131582,-0.110603,0.016146,-0.185559,-0.127344,-0.112034
4/19/18,0.391120,0.191333,0.248938,0.290396,0.137114,-0.150824,-0.000088,0.447333,0.227424,0.150716,0.260499,0.240016,0.397557,0.090792,0.157964,0.244111
4/20/18,0.277003,-0.002858,0.154679,-0.162263,0.143531,0.079441,-0.138319,-0.145368,0.413799,-0.033829,0.015933,0.071193,0.312531,-0.042630,0.197572,0.439045
4/21/18,0.172310,0.359303,0.476972,-0.028731,-0.070783,0.453285,0.075272,0.004854,-0.124896,0.137368,-0.070874,0.204191,0.159705,0.000923,0.019658,0.487637
4/22/18,0.415655,0.118608,-0.011077,0.007991,-0.059607,0.388211,0.414461,-0.007704,-0.040865,0.341464,0.357717,0.331920,0.127753,0.290297,-0.049337,0.504999
4/23/18,0.059877,-0.082774,0.297002,0.397745,0.200743,0.160409,0.112440,0.011266,0.322444,0.045313,0.275457,-0.047736,0.382938,0.046411,-0.078458,0.007333
4/24/18,0.108800,0.125801,0.393561,0.506546,0.050045,0.129888,0.149297,0.316787,0.091291,0.462346,-0.035218,0.083152,0.135579,0.085119,0.391774,0.401842
4/25/18,0.135012,0.037727,-0.101554,0.471165,0.450548,-0.020088,-0.105010,-0.071318,0.466799,0.084827,0.136870,0.499078,-0.066274,0.294063,0.390622,0.315596
4/26/18,-0.087820,0.123319,0.406239,0.435038,-0.121165,-0.126089,0.125068,-0.022264,-0.030049,0.295507,-0.055104,0.053445,0.253349,0.009102,-0.003758,0.110761
4/27/18,0.264521,0.501058,0.141976,0.027129,0.452474,0.308326,0.121036,0.254742,0.185542,0.380449,0.166860,0.230883,0.137997,0.226141,0.346004,0.509189
4/28/18,0.169663,0.197231,0.460164,0.247892,0.221307,0.448713,-0.036099,0.029380,0.398395,0.449294,0.325400,0.072352,0.346496,0.409001,0.297419,0.090955
4/29/18,0.088423,0.353620,0.142575,0.424831,0.065315,0.480403,0.337032,0.035727,0.400559,0.557667,0.060635,0.317983,0.540870,0.333932,0.328885,0.309052
4/30/18,0.506293,0.526660,0.246543,0.124677,0.167971,0.271615,0.109094,0.307552,0.012335,0.385247,0.011545,0.050794,0.478255,0.368595,0.486207,0.531231
5/1/18,0.520771,0.010315,0.378281,0.141776,0.493728,0.205422,0.049708,0.165052,0.353946,0.516984,0.057323,0.169878,0.073682,0.009591,0.530391,0.243992
5/2/18,0.215031,0.409504,0.463642,0.249813,0.254083,0.118510,0.337990,0.525416,0.006061,0.005948,0.457899,0.324891,0.008105,0.529024,0.524904,0.005554
5/3/18,0.181095,0.153978,0.274463,0.407468,0.094732,0.367800,0.409696,0.249236,0.430000,0.159744,0.538513,0.500575,0.175775,0.425848,0.123864,0.105316
5/4/18,0.522413,0.529007,0.507242,0.209619,0.064719,0.346168,0.226825,0.101519,0.403751,0.453837,0.401822,0.322298,0.519339,0.271313,0.352453,0.333713
5/5/18,0.151975,0.482286,0.402364,0.386337,0.083441,0.459158,0.185935,0.573031,0.143857,0.115339,0.116579,0.375944,0.080621,0.413944,0.498316,0.366025
5/6/18,0.540006,0.542102,0.575829,0.212785,0.181103,0.475908,0.212907,0.447740,0.249940,0.302112,0.182014,0.244631,0.145680,0.064495,0.233149,0.356905
5/7/18,0.186997,0.318224,0.515192,0.177486,0.081819,0.417010,0.504787,0.559041,0.470788,0.276331,0.295464,0.323878,0.392965,0.123772,0.552774,0.534288
5/8/18,0.429129,0.451713,0.209732,0.045229,0.190293,0.367942,0.425644,0.062021,0.447061,0.555566,0.141366,0.430586,0.559262,0.096364,0.265489,0.440312
5/9/18,0.293565,0.468384,0.217297,0.431552,0.584419,0.217261,0.481186,0.214722,0.441202,0.516228,0.545628,0.564895,0.175482,0.194335,0.438102,0.544332
5/10/18,0.319563,0.576297,0.399666,0.548746,0.328857,0.423773,0.484649,0.284200,0.321296,0.565190,0.175270,0.081024,0.100342,0.114096,0.409845,0.488084
5/11/18,0.534929,0.466933,0.458606,0.435271,0.182931,0.396520,0.606587,0.416509,0.366656,0.262052,0.194809,0.335983,0.623650,0.396440,0.456182,0.534189
5/12/18,0.504044,0.170375,0.480826,0.295116,0.359108,0.393043,0.337789,0.318207,0.194174,0.551272,0.206218,0.187397,0.306035,0.552647,0.423732,0.319939
5/13/18,0.509476,0.442400,0.598301,0.315097,0.248858,0.200193,0.524945,0.318872,0.390053,0.466125,0.524967,0.596316,0.350161,0.476476,0.520278,0.597700
5/14/18,0.232739,0.535420,0.474144,0.315295,0.303425,0.364298,0.607436,0.405540,0.242998,0.509546,0.324342,0.252217,0.420060,0.517252,0.524205,0.528511
5/15/18,0.393119,0.184388,0.246103,0.328081,0.537270,0.249953,0.513162,0.363412,0.418637,0.590367,0.548733,0.285223,0.525097,0.577740,0.434937,0.393766
5/16/18,0.416093,0.520840,0.275981,0.565139,0.578193,0.295527,0.283307,0.385019,0.257168,0.238139,0.577897,0.474909,0.488295,0.613250,0.564132,0.586225
5/17/18,0.646936,0.277568,0.440066,0.465600,0.375616,0.645750,0.650133,0.589810,0.584456,0.425086,0.377470,0.593787,0.273331,0.367568,0.614578,0.616277
5/18/18,0.538091,0.422720,0.583256,0.524540,0.297676,0.323829,0.631051,0.486880,0.411460,0.533057,0.567605,0.563920,0.480801,0.390700,0.563423,0.610167
5/19/18,0.297484,0.516609,0.572376,0.598731,0.261986,0.658989,0.384749,0.604814,0.564315,0.657931,0.578137,0.365966,0.472340,0.661307,0.415446,0.268159
5/20/18,0.252121,0.605673,0.428313,0.393252,0.349210,0.269025,0.657697,0.394807,0.403390,0.518169,0.346028,0.504610,0.476768,0.318692,0.656925,0.665133
5/21/18,0.637234,0.443217,0.345688,0.654073,0.307113,0.559534,0.386642,0.337399,0.532152,0.329685,0.668045,0.314026,0.446963,0.582066,0.635547,0.333200
5/22/18,0.544964,0.651375,0.477449,0.421928,0.671706,0.565015,0.292019,0.669239,0.443280,0.352719,0.292935,0.646439,0.276664,0.577476,0.582595,0.534041
5/23/18,0.466109,0.588430,0.396805,0.604649,0.357123,0.663761,0.587863,0.562101,0.364448,0.548514,0.559943,0.513179,0.516253,0.626980,0.512725,0.498340
5/24/18,0.644837,0.416650,0.633547,0.517730,0.489051,0.611528,0.624071,0.676404,0.466586,0.700911,0.395008,0.435138,0.463056,0.577532,0.591939,0.470157
5/25/18,0.651036,0.575900,0.488229,0.393172,0.431364,0.467680,0.372587,0.619224,0.636639,0.689046,0.505687,0.565417,0.686281,0.591091,0.363689,0.538595
5/26/18,0.430007,0.517731,0.695129,0.699211,0.433047,0.450103,0.693016,0.699299,0.558394,0.431603,0.399532,0.375606,0.621593,0.523969,0.381271,0.693275
5/27/18,0.709943,0.686329,0.614536,0.489196,0.376680,0.692003,0.377617,0.478959,0.398329,0.679916,0.656939,0.393913,0.643535,0.676835,0.462510,0.657791
5/28/18,0.708460,0.521884,0.398822,0.682625,0.530585,0.487529,0.553453,0.560292,0.540192,0.653188,0.648912,0.654335,0.423097,0.708364,0.557960,0.594045
5/29/18,0.425250,0.451916,0.420562,0.430759,0.523621,0.660049,0.685302,0.699752,0.636838,0.412147,0.425348,0.540422,0.379680,0.418294,0.558303,0.407731
5/30/18,0.451474,0.453190,0.736912,0.459569,0.599936,0.606553,0.550030,0.596064,0.525956,0.485011,0.531098,0.651457,0.609338,0.602468,0.740774,0.663374
5/31/18,0.689264,0.562707,0.557944,0.589931,0.731752,0.730836,0.629401,0.514897,0.419274,0.425107,0.665177,0.549644,0.562438,0.512158,0.489715,0.575493
6/1/18,0.636650,0.678261,0.545999,0.727721,0.578636,0.731013,0.740663,0.457984,0.733897,0.729053,0.544769,0.542654,0.636389,0.702664,0.675131,0.546822
6/2/18,0.681010,0.639184,0.615142,0.535158,0.646510,0.647238,0.430357,0.512295,0.446501,0.516510,0.737062,0.576801,0.571236,0.517859,0.489702,0.598241
6/3/18,0.701803,0.487519,0.557403,0.676911,0.534037,0.475674,0.611753,0.672297,0.582883,0.518816,0.612603,0.695029,0.582508,0.692537,0.487091,0.584354
6/4/18,0.727353,0.740967,0.463651,0.685221,0.677957,0.740326,0.469947,0.666478,0.632026,0.473761,0.646798,0.752134,0.579748,0.644652,0.702195,0.717438
6/5/18,0.677653,0.626625,0.592113,0.521260,0.711650,0.558515,0.522769,0.510506,0.513380,0.687526,0.567496,0.770727,0.604066,0.655435,0.679049,0.525502
6/6/18,0.691472,0.700776,0.609981,0.578782,0.684902,0.554032,0.662636,0.754763,0.687965,0.759144,0.616009,0.580554,0.718789,0.679897,0.686541,0.641127
6/7/18,0.620763,0.651328,0.545558,0.705349,0.709024,0.612852,0.619297,0.537350,0.654478,0.680643,0.700524,0.559520,0.745267,0.587916,0.706178,0.578125
6/8/18,0.789069,0.614727,0.691844,0.762492,0.741227,0.666527,0.696431,0.596448,0.791975,0.754462,0.602975,0.605089,0.617846,0.743274,0.633365,0.630538
6/9/18,0.548210,0.616399,0.563735,0.662001,0.751866,0.751498,0.672232,0.677899,0.728155,0.648722,0.537569,0.746608,0.661137,0.673599,0.572443,0.619792
6/10/18,0.673892,0.628939,0.694098,0.793297,0.689805,0.630574,0.720999,0.677957,0.765275,0.594814,0.685775,0.689044,0.588083,0.786098,0.634259,0.685276
6/11/18,0.796872,0.798978,0.762754,0.697627,0.644394,0.638142,0.778390,0.721272,0.804455,0.780885,0.758742,0.681461,0.567804,0.632614,0.779131,0.637221
6/12/18,0.580662,0.791933,0.560325,0.659678,0.696269,0.642263,0.563128,0.665862,0.573897,0.627251,0.646389,0.787200,0.746831,0.644442,0.629176,0.702475
6/13/18,0.744438,0.657517,0.715054,0.736485,0.707183,0.624171,0.673053,0.720477,0.659787,0.644412,0.736705,0.611151,0.620860,0.794828,0.679135,0.778123
6/14/18,0.746121,0.712970,0.699166,0.734473,0.626848,0.732311,0.645599,0.644042,0.640521,0.773062,0.793568,0.741331,0.659416,0.635708,0.661101,0.809482
6/15/18,0.785385,0.744525,0.833030,0.715839,0.691454,0.749219,0.732017,0.760881,0.790131,0.722872,0.767305,0.633165,0.721166,0.648223,0.667454,0.695619
6/16/18,0.718873,0.800501,0.807300,0.742972,0.702788,0.680225,0.670502,0.785180,0.698786,0.695455,0.760155,0.806608,0.705178,0.715192,0.658524,0.713227
6/17/18,0.737620,0.824166,0.785795,0.769171,0.768574,0.762396,0.718362,0.729741,0.779232,0.684936,0.841605,0.823961,0.843600,0.810583,0.674873,0.844339
6/18/18,0.710449,0.728769,0.753522,0.753927,0.726485,0.686393,0.776750,0.718244,0.697356,0.852101,0.735810,0.779357,0.706709,0.696844,0.677082,0.810672
6/19/18,0.706063,0.824703,0.749537,0.859480,0.797010,0.835761,0.750080,0.787077,0.757378,0.797208,0.842221,0.802501,0.695397,0.853917,0.796033,0.798283
6/20/18,0.820944,0.691690,0.855440,0.794724,0.837743,0.758189,0.798056,0.854073,0.752832,0.749145,0.710367,0.819890,0.713742,0.717245,0.849951,0.749637
6/21/18,0.833686,0.775665,0.734368,0.781696,0.726059,0.831733,0.742796,0.868456,0.813340,0.802244,0.735209,0.746103,0.782553,0.862746,0.855974,0.770486
6/22/18,0.776133,0.771472,0.856043,0.800530,0.747276,0.858612,0.826125,0.718227,0.735543,0.733263,0.842730,0.837073,0.731560,0.806181,0.777450,0.749983
6/23/18,0.826547,0.871185,0.731539,0.858465,0.798508,0.732673,0.806650,0.805544,0.759884,0.730807,0.758763,0.770065,0.783697,0.805011,0.738516,0.809889
6/24/18,0.813537,0.801123,0.772078,0.880837,0.765473,0.824714,0.829799,0.880992,0.872341,0.789686,0.775046,0.854915,0.822908,0.861406,0.792900,0.833124
6/25/18,0.831371,0.888077,0.893009,0.784213,0.788243,0.860488,0.857308,0.883469,0.774664,0.789695,0.818307,0.782720,0.850573,0.798264,0.803661,0.818617
6/26/18,0.781357,0.805318,0.792970,0.895927,0.800120,0.857117,0.897819,0.785320,0.848515,0.894328,0.829909,0.792810,0.846992,0.787955,0.857638,0.809899
6/27/18,0.815773,0.877744,0.832314,0.812338,0.884293,0.795039,0.875230,0.886414,0.818705,0.817788,0.815785,0.836568,0.845150,0.833225,0.899716,0.904165
6/28/18,0.857287,0.891009,0.861178,0.812147,0.851374,0.894732,0.903756,0.811556,0.881791,0.853399,0.856400,0.894658,0.839730,0.869820,0.844777,0.801364
6/29/18,0.916856,0.870687,0.905782,0.883640,0.841814,0.906647,0.886909,0.861792,0.888006,0.821814,0.843548,0.888029,0.876763,0.828098,0.884289,0.881391
6/30/18,0.905204,0.895681,0.921939,0.847590,0.847697,0.890196,0.902374,0.870580,0.850862,0.918792,0.924366,0.883642,0.897573,0.885071,0.907607,0.895087
7/1/18,0.906244,0.889974,0.916772,0.912690,0.893747,0.908027,0.883592,0.866184,0.855394,0.916024,0.879479,0.865675,0.912758,0.868074,0.865952,0.900105
7/2/18,0.880546,0.860232,0.872557,0.892924,0.893581,0.916069,0.934952,0.916598,0.901342,0.902584,0.935058,0.884376,0.910481,0.909549,0.911574,0.927481
7/3/18,0.235186,0.195543,0.201434,0.189264,0.196671,0.165133,0.208885,-0.205317,-0.326803,-0.112749,-0.217632,0.289957,0.214098,-0.304780,-0.294152,-0.081141
7/4/18,0.283330,-0.043235,-0.110170,0.039917,-0.133279,0.033248,0.372331,-0.113682,0.173476,0.392870,0.091928,0.014597,-0.311943,0.297297,-0.050988,0.294454
7/5/18,-0.243580,0.317060,-0.255654,-0.298314,-0.052326,0.378230,0.151366,0.107249,0.358026,-0.079279,0.396782,0.084180,-0.220767,0.282551,-0.077567,0.210373
7/6/18,0.346623,0.280029,-0.043955,0.101403,-0.290945,-0.123854,0.353541,0.178643,-0.114599,0.274289,-0.388120,-0.031459,-0.309852,-0.218328,-0.123686,-0.107936
7/7/18,-0.127918,-0.069413,-0.031038,-0.060006,0.135107,-0.074219,0.348545,-0.351716,-0.292028,-0.372813,-0.060150,0.315508,0.281562,0.133112,-0.319839,-0.040777
7/8/18,0.174618,0.229062,0.325527,-0.074566,0.321981,-0.198263,0.329165,-0.286002,0.191551,-0.221509,-0.132447,0.233855,-0.173626,0.105291,-0.240421,0.095705
7/9/18,0.365715,0.060878,-0.027850,-0.044926,-0.102399,0.405536,0.108779,0.147747,0.422554,0.200743,0.152756,-0.014344,-0.130312,-0.048095,0.249302,0.185595
7/10/18,0.318086,0.236420,0.072002,-0.244758,0.092552,0.325478,-0.088872,0.280635,0.319078,0.215208,0.397309,0.226977,-0.032018,-0.080265,0.241552,0.346418
7/11/18,0.391796,0.165115,0.300963,-0.161306,0.195118,0.411897,0.222290,0.184281,-0.249048,0.225706,0.121500,0.127305,0.241045,0.374824,-0.117484,0.411814
7/12/18,-0.045995,0.395432,0.085793,0.346895,0.047166,0.353075,0.017732,-0.156409,0.265627,0.332508,0.036837,0.266986,-0.128981,-0.051546,-0.107311,-0.135991
7/13/18,0.001481,0.414140,0.153465,-0.074680,0.142591,0.156940,0.107001,0.292348,0.234750,0.005454,-0.075057,0.311749,0.188309,0.092678,-0.222299,-0.225891
7/14/18,0.071803,0.125223,-0.124019,0.228990,0.091578,0.048476,0.147394,0.072314,-0.030059,0.079375,0.426741,0.251295,0.400859,-0.018498,-0.078601,0.431669
7/15/18,0.227938,0.189303,0.067904,0.256659,0.391885,-0.240661,0.366212,0.310418,0.039469,0.257474,0.404961,-0.261151,0.002348,0.298353,0.088970,0.095508
7/16/18,-0.006072,-0.018929,-0.103998,0.148839,0.363571,0.071752,-0.191779,-0.032954,0.186339,-0.150432,0.308082,0.191934,-0.017749,0.169454,0.036047,0.209123
7/17/18,-0.073549,-0.237967,0.078173,0.126554,-0.140659,-0.181265,-0.144263,0.086681,0.137976,0.022268,-0.045242,-0.056208,-0.201108,0.261955,0.317475,0.205187
7/18/18,0.297511,-0.181284,-0.020991,0.154185,-0.134658,0.187106,-0.207479,0.084754,-0.213263,0.393086,0.216870,0.286208,0.362457,0.294718,0.212554,0.411583
7/19/18,0.404063,-0.006559,0.034999,0.164552,0.191372,0.019626,-0.135159,0.262062,0.139414,0.147558,0.327768,-0.154391,-0.008626,0.045310,0.106153,0.059352
7/20/18,0.146407,0.143266,0.217103,0.036778,0.432407,0.171427,0.198369,-0.103805,0.169529,0.338409,0.456377,0.183995,0.431595,0.239072,0.135282,-0.028349
7/21/18,0.066866,0.218203,0.258082,0.059542,0.137292,0.229225,0.174655,-0.054162,0.176744,0.187572,0.340757,0.226446,0.065423,0.018461,-0.090055,0.358491
7/22/18,0.357293,0.218125,0.165592,-0.009935,0.140905,0.413441,0.469775,0.040068,0.423530,0.278615,-0.026171,-0.062071,0.355224,0.207119,0.366143,0.417095
7/23/18,0.185437,0.110823,-0.088616,-0.019951,-0.028788,-0.086713,-0.076402,0.039682,0.282517,0.461044,0.311350,0.363296,0.407147,0.022456,0.328162,-0.065783
7/24/18,0.007612,0.062891,0.314155,0.112048,0.391928,0.177179,0.151824,0.211214,-0.119980,0.128794,-0.131063,0.236615,0.423170,0.332521,0.440509,0.403162
7/25/18,0.242096,0.040628,0.512908,0.171385,0.417396,0.083238,0.170857,0.255407,0.051948,0.301940,0.340208,0.144535,0.372175,0.158254,0.175855,0.243514
7/26/18,0.263093,0.260632,0.343032,0.278094,0.517638,0.288520,0.370801,0.515191,0.088824,0.101318,0.239329,0.025756,0.131218,0.520836,0.206238,0.077472
7/27/18,0.288370,0.138219,0.205025,0.433989,-0.000813,0.242444,0.166982,0.443360,0.497929,0.528874,0.093657,0.531893,-0.003304,0.045688,0.297671,0.445476
7/28/18,0.421159,0.420796,0.435677,0.146613,0.168565,0.178223,0.027527,0.036930,0.508799,0.099222,0.282992,0.333193,0.311573,0.230089,0.462423,0.185837
7/29/18,0.495446,0.456391,0.332006,0.123035,0.313379,0.108686,0.177610,0.480233,0.481538,0.294835,0.499372,0.471734,0.051703,0.287488,-0.013371,0.289111
7/30/18,0.459575,0.423833,0.197363,0.032583,0.013581,0.399113,0.278468,0.137080,0.376029,0.499587,0.141618,0.057592,0.332745,0.389111,0.010621,0.044448
7/31/18,0.471353,0.235200,-0.015445,0.513668,0.050197,0.216405,0.355489,0.332468,0.298175,0.054281,0.124201,0.379870,0.376129,0.197320,0.170662,0.046660
8/1/18,0.043730,0.505352,0.256948,0.360847,0.327587,0.334640,0.264843,0.280450,0.148393,0.461159,0.302252,0.160366,0.537299,0.211421,0.083460,0.168749
8/2/18,-0.028031,0.219318,0.046537,0.136326,0.089042,-0.004950,0.477904,0.494703,0.429727,0.256863,0.265463,0.221508,-0.017662,0.286316,0.521982,0.322989
8/3/18,0.158638,0.105785,0.169018,0.175405,0.189962,0.521816,0.218155,0.115952,0.110080,0.256723,0.296336,0.097596,0.251534,0.275370,0.417364,0.301776
8/4/18,0.298942,0.550997,0.466709,0.426571,0.210267,0.501230,0.381632,0.196115,0.340611,0.076693,0.493139,0.471816,0.232590,0.356005,0.103501,0.180319
8/5/18,0.532334,0.605219,0.427869,0.396127,0.342028,0.408674,0.474685,0.225185,0.283947,0.529312,0.463780,0.184425,0.451564,0.377515,0.287129,0.212427
8/6/18,0.153505,0.585528,0.586935,0.198493,0.445812,0.518881,0.540281,0.302786,0.327739,0.252407,0.151704,0.461339,0.134050,0.563051,0.372890,0.512716
8/7/18,0.212072,0.492834,0.379563,0.176236,0.170552,0.438064,0.228954,0.263885,0.555849,0.320218,0.569518,0.180783,0.202691,0.292287,0.394171,0.329939
8/8/18,0.580043,0.477985,0.220687,0.281183,0.465985,0.175339,0.560287,0.189545,0.565904,0.499677,0.203884,0.219436,0.256370,0.463258,0.552635,0.408876
8/9/18,0.539524,0.427040,0.511257,0.366837,0.315845,0.321857,0.532584,0.215627,0.581290,0.368683,0.299302,0.458981,0.154487,0.233875,0.568874,0.362706
8/10/18,0.599176,0.270494,0.182595,0.425112,0.251273,0.175422,0.233277,0.484875,0.268080,0.189749,0.357822,0.315474,0.455701,0.412173,0.584862,0.263577
8/11/18,0.423482,0.416796,0.308682,0.394155,0.140323,0.392256,0.431209,0.354242,0.190699,0.498823,0.304321,0.458742,0.409059,0.302917,0.542024,0.267487
8/12/18,0.202338,0.357997,0.220542,0.535250,0.401302,0.511758,0.143919,0.191676,0.359666,0.393894,0.424960,0.509745,0.359901,0.144506,0.351229,0.339005
8/13/18,0.299167,0.264288,0.392584,0.589760,0.217909,0.392166,0.346094,0.433336,0.585975,0.372522,0.181287,0.205264,0.502294,0.486259,0.536649,0.282447
8/14/18,0.344396,0.473503,0.456486,0.501851,0.585371,0.276675,0.350517,0.409452,0.312812,0.204733,0.278477,0.492799,0.449849,0.360376,0.534814,0.487340
8/15/18,0.302800,0.564016,0.373502,0.553130,0.288141,0.244819,0.609353,0.621060,0.406868,0.257630,0.362235,0.288380,0.629652,0.529618,0.542524,0.403238
8/16/18,0.450249,0.540121,0.305217,0.356883,0.391512,0.573381,0.505423,0.553437,0.289921,0.654236,0.534056,0.424012,0.526443,0.353467,0.477764,0.291707
8/17/18,0.488839,0.604836,0.246574,0.240149,0.394421,0.425237,0.339025,0.454928,0.536250,0.433285,0.382740,0.552230,0.419079,0.617136,0.245522,0.595019
8/18/18,0.351873,0.606896,0.573348,0.386312,0.466552,0.514768,0.493531,0.550649,0.292178,0.329812,0.620502,0.517596,0.266279,0.400859,0.388091,0.436898
8/19/18,0.486062,0.582917,0.465495,0.433134,0.364138,0.408430,0.419456,0.485846,0.557858,0.568333,0.632654,0.636884,0.393166,0.255930,0.344040,0.311244
8/20/18,0.545532,0.546957,0.627795,0.455600,0.516736,0.382481,0.367331,0.696249,0.453873,0.634887,0.692386,0.628957,0.399229,0.423559,0.538592,0.598534
8/21/18,0.522146,0.438734,0.564193,0.648325,0.681176,0.333453,0.576245,0.352978,0.590915,0.516011,0.665481,0.479939,0.322222,0.516152,0.299290,0.300784
8/22/18,0.385068,0.520304,0.484058,0.466158,0.448724,0.390272,0.376306,0.684500,0.504244,0.377798,0.393168,0.437477,0.401167,0.669113,0.630426,0.379392
8/23/18,0.573585,0.592214,0.612981,0.308798,0.392124,0.662893,0.639733,0.405029,0.630014,0.456900,0.434141,0.601710,0.672433,0.534092,0.506256,0.360758
8/24/18,0.655042,0.502053,0.634656,0.402556,0.365642,0.557861,0.436639,0.643907,0.374329,0.508542,0.547785,0.342000,0.510285,0.585122,0.387002,0.636302
8/25/18,0.376892,0.690493,0.457099,0.406957,0.554516,0.405107,0.419226,0.469033,0.333801,0.587128,0.453648,0.422543,0.477323,0.680547,0.373144,0.580049
8/26/18,0.652258,0.415043,0.685883,0.544655,0.570789,0.670137,0.429282,0.575339,0.671505,0.542085,0.362948,0.595610,0.595414,0.675201,0.457091,0.399879
8/27/18,0.520769,0.726044,0.573452,0.505583,0.557407,0.667665,0.703104,0.546207,0.683671,0.493036,0.521404,0.506825,0.601366,0.428212,0.620619,0.411833
8/28/18,0.634896,0.712261,0.656450,0.480511,0.647697,0.625597,0.523859,0.527806,0.627997,0.440346,0.489525,0.595709,0.455801,0.392182,0.483985,0.520884
8/29/18,0.633422,0.699903,0.416361,0.621321,0.477506,0.729582,0.698882,0.530482,0.571043,0.493874,0.516274,0.630962,0.598952,0.506222,0.489324,0.530053
8/30/18,0.453302,0.588719,0.601230,0.413162,0.534855,0.643596,0.617953,0.723400,0.522559,0.418396,0.431701,0.512078,0.595236,0.690202,0.444399,0.559048
8/31/18,0.637903,0.591690,0.704877,0.722844,0.582655,0.526347,0.593165,0.584975,0.642893,0.708423,0.689222,0.624706,0.515221,0.697551,0.705217,0.670861
9/1/18,0.544196,0.411274,0.505758,0.587503,0.709478,0.651292,0.489672,0.700218,0.695060,0.699657,0.604563,0.615925,0.500066,0.609017,0.529746,0.706429
9/2/18,0.686950,0.677372,0.565242,0.604781,0.629026,0.626328,0.710154,0.464956,0.697350,0.632926,0.621972,0.597861,0.648259,0.562104,0.539484,0.683361
9/3/18,0.710583,0.680966,0.686009,0.606936,0.575204,0.576477,0.651542,0.613575,0.562758,0.485125,0.643819,0.541950,0.507384,0.570677,0.498218,0.634603
9/4/18,0.571216,0.592283,0.560118,0.657025,0.520518,0.542870,0.590589,0.521862,0.591619,0.545536,0.745788,0.587518,0.571090,0.576394,0.764423,0.757907
9/5/18,0.553190,0.750437,0.767560,0.607049,0.677426,0.752075,0.528330,0.677012,0.727638,0.645147,0.680927,0.681970,0.748039,0.700448,0.545174,0.607287
9/6/18,0.636205,0.538351,0.558589,0.542689,0.737221,0.669149,0.769585,0.671019,0.672747,0.641661,0.777797,0.514268,0.510191,0.759992,0.689493,0.546433
9/7/18,0.687379,0.573829,0.730899,0.791892,0.787914,0.650629,0.786311,0.775236,0.725887,0.760407,0.695096,0.555348,0.783160,0.753787,0.662120,0.658513
9/8/18,0.667549,0.662355,0.573387,0.802934,0.666817,0.708846,0.719329,0.606661,0.782213,0.685889,0.584584,0.744240,0.651973,0.748134,0.616500,0.760030
9/9/18,0.585305,0.580137,0.625104,0.677012,0.694619,0.568203,0.710682,0.557689,0.568498,0.702489,0.605197,0.708269,0.644021,0.641909,0.723684,0.605916
9/10/18,0.772603,0.796119,0.756514,0.654537,0.763892,0.683809,0.590350,0.772968,0.578133,0.708829,0.638106,0.740193,0.781554,0.603333,0.732116,0.776189
9/11/18,0.705758,0.808436,0.686605,0.717327,0.764565,0.753945,0.680750,0.696534,0.671225,0.807840,0.648558,0.641017,0.649724,0.604481,0.644336,0.611149
9/12/18,0.598352,0.736211,0.810559,0.614578,0.601202,0.664173,0.685372,0.816983,0.728264,0.769518,0.642962,0.794852,0.756359,0.766749,0.696209,0.664595
9/13/18,0.675095,0.714013,0.796036,0.634580,0.639998,0.815626,0.632125,0.737683,0.746641,0.735681,0.780536,0.627487,0.684988,0.715388,0.704935,0.686096
9/14/18,0.736428,0.647839,0.751907,0.639243,0.762432,0.650348,0.778326,0.814794,0.688183,0.823463,0.720002,0.744049,0.803308,0.667308,0.657720,0.810331
9/15/18,0.795350,0.804976,0.780828,0.786358,0.660343,0.637718,0.694717,0.763068,0.755511,0.795572,0.743976,0.822999,0.780476,0.800708,0.826616,0.648549
9/16/18,0.729316,0.805075,0.789692,0.790416,0.777872,0.719246,0.677094,0.832712,0.761648,0.698136,0.733698,0.706466,0.804977,0.776699,0.834379,0.823910
9/17/18,0.803905,0.706892,0.712624,0.832092,0.753013,0.693931,0.717632,0.680319,0.850636,0.795015,0.773989,0.682096,0.802701,0.840187,0.717404,0.721720
9/18/18,0.712471,0.844511,0.810702,0.810045,0.735181,0.739361,0.769249,0.786227,0.705948,0.784776,0.728787,0.812518,0.740647,0.821049,0.845357,0.727978
9/19/18,0.838519,0.701937,0.845894,0.841831,0.768184,0.730556,0.835262,0.753545,0.789574,0.860938,0.764605,0.714585,0.782256,0.701699,0.832838,0.823921
9/20/18,0.772458,0.800987,0.719374,0.830165,0.754455,0.725884,0.843177,0.813417,0.708952,0.783021,0.710802,0.868464,0.768920,0.825444,0.776640,0.807425
9/21/18,0.762679,0.815579,0.854696,0.845944,0.748052,0.852377,0.753102,0.733920,0.869632,0.856367,0.773616,0.866376,0.804863,0.770138,0.758903,0.849027
9/22/18,0.777237,0.844960,0.810613,0.880057,0.774429,0.819812,0.854653,0.764200,0.826696,0.755945,0.748807,0.760965,0.793653,0.840775,0.799003,0.872892
9/23/18,0.776599,0.791674,0.798558,0.861861,0.875407,0.777303,0.864405,0.863429,0.882151,0.760054,0.846434,0.807510,0.787765,0.850212,0.831746,0.783976
9/24/18,0.812703,0.827329,0.879273,0.765548,0.783515,0.818607,0.785293,0.883923,0.770814,0.825809,0.845515,0.858562,0.834558,0.792476,0.756245,0.764138
9/25/18,0.862640,0.830964,0.808599,0.814189,0.862290,0.804832,0.853101,0.843743,0.872396,0.891434,0.847244,0.861538,0.787417,0.790044,0.890508,0.824353
9/26/18,0.881321,0.798050,0.848869,0.870819,0.822076,0.875006,0.878811,0.818751,0.880902,0.867751,0.845068,0.844896,0.836847,0.896508,0.876736,0.841384
9/27/18,0.846531,0.891197,0.876038,0.809465,0.873765,0.889821,0.893580,0.865222,0.813212,0.864935,0.806006,0.808011,0.796240,0.904013,0.865463,0.822662
9/28/18,0.891696,0.864938,0.864468,0.817728,0.853310,0.814074,0.910099,0.830157,0.870885,0.831586,0.875248,0.832276,0.837216,0.910999,0.894864,0.907527
9/29/18,0.911565,0.905074,0.923085,0.864209,0.848410,0.854783,0.900973,0.877867,0.851957,0.881282,0.880964,0.908178,0.832253,0.904386,0.856416,0.917011
9/30/18,0.902959,0.886761,0.905332,0.931055,0.913309,0.889654,0.880040,0.921038,0.860645,0.855170,0.910217,0.866307,0.888391,0.898668,0.908972,0.868935
10/1/18,0.912159,0.909206,0.859100,0.878103,0.935150,0.877034,0.885962,0.921602,0.889916,0.893213,0.895223,0.899003,0.901366,0.862172,0.859541,0.897074
10/2/18,0.116793,0.141537,0.191465,-0.085724,-0.037510,-0.215132,0.071672,-0.030436,-0.096472,-0.294477,0.267383,0.380048,0.350383,0.173971,0.086754,0.158447
10/3/18,-0.076957,0.327239,-0.013925,-0.187121,-0.090089,0.080684,-0.214399,0.368126,-0.071575,0.408954,0.391096,-0.183282,-0.296069,0.033423,0.009843,0.186004
10/4/18,0.239280,0.407679,0.107686,0.082469,0.391377,-0.037218,0.211922,0.338302,0.169263,-0.269383,0.346583,-0.315873,0.086058,-0.034140,-0.219270,0.352763
10/5/18,0.300752,-0.317710,-0.095700,-0.340876,0.202279,-0.045810,-0.109157,0.138136,-0.095526,-0.197304,-0.118254,-0.087342,0.289268,-0.105071,-0.098354,-0.229350
10/6/18,-0.174115,0.040658,0.372947,-0.174212,0.153264,-0.165232,0.254358,-0.042150,-0.346038,0.151151,-0.325803,0.274359,-0.299037,-0.370870,-0.178888,-0.323047
10/7/18,0.220172,-0.035797,-0.282042,0.073938,0.068487,0.158981,0.392359,-0.242192,0.189450,0.088763,0.015940,-0.166473,-0.186091,-0.073621,-0.248867,0.121299
10/8/18,0.115046,0.138608,0.319179,-0.235608,-0.068132,-0.025312,0.071778,-0.038314,-0.014296,0.277373,-0.085013,-0.240846,0.355836,0.365270,-0.114040,0.154742
10/9/18,-0.058109,-0.180929,-0.138465,-0.131626,0.410081,0.088516,0.200991,0.365212,0.101118,0.277704,-0.067274,-0.038904,0.134724,-0.030881,0.352062,0.019979
10/10/18,-0.127561,-0.006086,0.095917,0.319102,0.185532,0.287230,0.277486,0.379475,-0.260898,0.227037,-0.212123,0.363067,-0.104870,-0.249896,0.353458,-0.203608
10/11/18,0.158080,-0.099186,-0.000882,0.160702,0.401040,0.353957,0.332580,-0.030523,-0.065579,-0.107385,-0.123602,0.315361,0.279749,-0.030411,-0.101450,0.424041
10/12/18,0.090363,0.150279,0.218166,0.293066,-0.258360,-0.071428,0.062904,0.412804,0.314649,-0.082052,0.397462,0.222109,0.160980,-0.104005,-0.087170,0.136995
10/13/18,-0.016278,-0.084288,0.450170,0.381214,0.115492,0.161083,0.329665,0.151658,0.410288,0.364979,0.255007,0.199898,0.256521,0.124883,0.060146,0.344055
10/14/18,0.332181,0.167797,-0.223067,0.068122,-0.029769,0.383822,0.020340,-0.157929,0.439493,0.105343,-0.049622,-0.165904,0.127359,-0.059693,-0.031597,0.250184
10/15/18,-0.072934,0.097929,0.220269,0.350752,-0.074364,-0.077037,0.321388,0.382583,-0.000395,0.207689,0.403110,-0.036057,-0.119678,-0.152197,-0.240267,0.154884
10/16/18,0.289845,0.061902,0.184226,-0.099795,0.307463,0.160103,-0.081501,0.350229,0.268627,-0.108978,0.068269,0.401482,0.005573,0.177711,0.459941,0.304230
10/17/18,-0.018177,-0.088899,0.172260,-0.212415,0.417267,0.212510,0.415962,0.345672,-0.049294,-0.071129,0.372654,-0.094628,0.234803,0.057601,-0.095527,0.367732
10/18/18,0.235715,-0.102833,0.349112,-0.102282,0.180212,0.369794,0.324256,-0.125832,-0.000570,0.122278,0.369156,0.242874,-0.124065,0.261138,0.095696,-0.167439
10/19/18,-0.068220,0.367895,0.135157,0.066157,-0.196757,0.320731,0.158076,0.118306,0.398221,0.194088,0.019317,0.233897,-0.001037,0.213292,0.029408,0.329807
10/20/18,-0.077439,0.096863,-0.007722,0.237921,0.264654,0.515247,0.328185,0.149528,0.432419,0.121190,0.202518,0.196690,0.473559,-0.011969,0.454202,0.419295
10/21/18,0.162260,-0.041998,0.089998,0.236002,0.103891,0.078947,0.102363,0.421760,0.062204,-0.036325,0.138475,0.004991,0.404534,0.007867,0.301179,-0.096086
10/22/18,-0.040128,0.044321,0.384710,0.106485,0.516176,0.283971,0.000417,0.231418,0.303149,0.399554,0.367578,0.358386,0.377921,0.343442,-0.049562,0.005107
10/23/18,0.320848,-0.034983,0.070995,0.308626,0.097731,0.008248,-0.022291,0.330863,-0.022231,0.157710,0.275327,0.029860,-0.053061,0.070488,0.043070,0.165454
10/24/18,0.075317,0.112376,0.358735,0.091790,0.169271,0.298685,0.247192,0.443300,0.393402,0.015265,0.526140,0.098149,0.263066,0.381414,0.164396,0.333555
10/25/18,0.109659,0.364855,0.081015,0.224152,-0.030143,0.253296,0.234867,0.207350,0.415722,0.044679,0.070499,0.411804,0.174851,0.181537,0.026245,-0.076335
10/26/18,0.430816,0.390081,0.296721,0.096872,0.091655,0.160556,0.494241,-0.006046,0.316741,0.451145,0.494621,0.454115,0.255038,0.214635,0.053471,0.264650
10/27/18,0.369680,0.003584,0.023791,0.117483,0.383411,0.339040,0.448862,0.017761,0.202074,-0.000089,0.205785,0.280512,0.212806,0.104849,0.440130,0.259522
10/28/18,0.520825,0.157108,0.499521,0.327354,0.293982,0.449213,0.421061,0.467604,0.061102,0.049910,0.090246,0.528495,0.330912,0.223489,0.296733,0.467674
10/29/18,0.048959,0.494894,0.014575,-0.055709,0.449388,0.453003,-0.001432,0.129101,0.445375,0.337274,0.367092,0.240020,0.298541,0.123974,0.036877,0.337203
10/30/18,0.248919,0.464754,0.188702,0.265805,0.256493,0.519934,0.301823,0.486552,0.060791,0.373996,0.506189,0.248072,0.509371,0.156661,0.305296,0.302074
10/31/18,0.408992,0.331270,0.424378,0.458599,0.588276,0.503195,0.110752,0.478879,0.170650,0.492480,0.380288,0.241432,0.158675,0.132225,0.191930,0.129959
11/1/18,0.185204,0.077694,0.239112,0.527288,0.369367,0.289941,0.099748,0.123055,0.295127,0.158361,0.228831,0.478380,0.507377,0.545851,0.521933,0.338633
11/2/18,0.168006,0.489937,0.368496,0.388359,0.073566,0.320085,0.155102,0.121865,0.439781,0.296679,0.464098,0.132812,0.455381,0.496687,0.270465,0.231466
11/3/18,0.334691,0.053963,0.429662,0.103919,0.404457,0.143628,0.299327,0.529468,0.302345,0.178315,0.076600,0.043940,0.293846,0.067305,0.010141,0.390632
11/4/18,0.280358,0.520669,0.164175,0.388423,0.128209,0.391767,0.145997,0.365323,0.445449,0.211669,0.172858,0.151950,0.443119,0.470206,0.264578,0.211164
11/5/18,0.431370,0.244970,0.451281,0.299064,0.282659,0.429213,0.469009,0.431783,0.331296,0.542710,0.198934,0.331854,0.257631,0.123105,0.238819,0.292702
11/6/18,0.589548,0.270203,0.515341,0.517790,0.192236,0.126694,0.539428,0.230075,0.471010,0.511871,0.378936,0.410548,0.596213,0.292077,0.372905,0.264308
11/7/18,0.164070,0.399211,0.296934,0.207011,0.580788,0.190167,0.434645,0.615083,0.167466,0.510645,0.517294,0.377246,0.485043,0.349381,0.336310,0.465798
11/8/18,0.569020,0.236789,0.557174,0.602433,0.510664,0.562577,0.143201,0.377603,0.603156,0.596948,0.164437,0.267266,0.149478,0.246289,0.485032,0.469120
11/9/18,0.549038,0.227955,0.303075,0.204886,0.422593,0.451941,0.191030,0.234265,0.331098,0.365498,0.301169,0.602879,0.176144,0.249917,0.523639,0.299823
11/10/18,0.569826,0.418164,0.570387,0.350627,0.323517,0.486418,0.455088,0.167914,0.384052,0.486043,0.507034,0.231773,0.421013,0.179936,0.364090,0.297057
11/11/18,0.411817,0.471469,0.617793,0.446719,0.516437,0.260421,0.442844,0.409082,0.266983,0.619160,0.595546,0.418585,0.533824,0.245582,0.420932,0.298084
11/12/18,0.243937,0.566139,0.285535,0.371927,0.465225,0.359627,0.328294,0.566173,0.329926,0.347961,0.582488,0.448650,0.318086,0.351686,0.291377,0.498206
11/13/18,0.438949,0.306820,0.288837,0.424372,0.517666,0.426166,0.513262,0.281673,0.192605,0.304565,0.191098,0.340673,0.611180,0.279483,0.356490,0.333948
11/14/18,0.583721,0.440049,0.381510,0.280400,0.193115,0.280648,0.211752,0.431041,0.467341,0.401540,0.359807,0.250548,0.445989,0.397797,0.187724,0.226908
11/15/18,0.521551,0.263189,0.290027,0.320367,0.421138,0.201378,0.286275,0.424047,0.193429,0.466114,0.282991,0.185990,0.505897,0.422617,0.220039,0.267470
11/16/18,0.605373,0.407159,0.449473,0.613200,0.560820,0.491178,0.649417,0.616048,0.467190,0.503496,0.612575,0.382118,0.605683,0.604872,0.284948,0.640930
11/17/18,0.413671,0.446054,0.602698,0.455621,0.635735,0.328815,0.287726,0.601907,0.492086,0.401480,0.374885,0.510432,0.450689,0.346385,0.599430,0.405685
11/18/18,0.567519,0.496541,0.252414,0.414164,0.304267,0.645932,0.291476,0.644652,0.302365,0.335086,0.259129,0.387844,0.364597,0.254326,0.402711,0.629868
11/19/18,0.600997,0.533949,0.493226,0.615092,0.573536,0.466560,0.586966,0.374698,0.460059,0.552444,0.480905,0.360153,0.555344,0.556352,0.684652,0.543128
11/20/18,0.585179,0.513408,0.620516,0.547493,0.636276,0.546630,0.434689,0.649297,0.553214,0.519778,0.623679,0.335753,0.399117,0.364278,0.570363,0.502353
11/21/18,0.538619,0.547940,0.618469,0.326506,0.587891,0.685990,0.453301,0.491631,0.451476,0.427885,0.498890,0.506877,0.594000,0.494951,0.526396,0.344792
11/22/18,0.638957,0.629897,0.642291,0.387619,0.320616,0.581298,0.670904,0.314369,0.335326,0.475526,0.550014,0.552708,0.629563,0.546022,0.580013,0.313965
11/23/18,0.421357,0.471404,0.446944,0.629186,0.357540,0.537405,0.319650,0.654009,0.449211,0.502820,0.629587,0.647999,0.398944,0.571674,0.625696,0.482220
11/24/18,0.537094,0.593495,0.590792,0.563270,0.562602,0.616346,0.523671,0.542133,0.508295,0.386111,0.517766,0.435202,0.494349,0.627669,0.407868,0.416825
11/25/18,0.491540,0.669125,0.451273,0.569113,0.476790,0.420091,0.619992,0.734002,0.422015,0.530730,0.590507,0.605556,0.529076,0.566941,0.631059,0.735502
11/26/18,0.517450,0.622950,0.402426,0.485195,0.612850,0.422302,0.729799,0.652941,0.686564,0.525677,0.608109,0.504946,0.557561,0.693311,0.537539,0.483026
11/27/18,0.557844,0.729901,0.562754,0.422968,0.685364,0.462872,0.580474,0.500112,0.697142,0.730663,0.651196,0.633445,0.520988,0.624041,0.576476,0.432567
11/28/18,0.652857,0.483878,0.487830,0.707816,0.740814,0.646643,0.665904,0.530981,0.690946,0.647175,0.724103,0.561651,0.535005,0.714970,0.637734,0.748259
11/29/18,0.526332,0.535465,0.514195,0.615836,0.457432,0.475433,0.727948,0.726885,0.628733,0.620118,0.448149,0.570897,0.653417,0.445051,0.479357,0.628851
11/30/18,0.633225,0.447392,0.690747,0.673755,0.665148,0.625872,0.611776,0.536974,0.596293,0.523836,0.575850,0.559640,0.421813,0.626129,0.606248,0.416310
12/1/18,0.466855,0.645072,0.650835,0.521451,0.544916,0.523096,0.560064,0.520291,0.476006,0.572854,0.745356,0.669562,0.547000,0.666460,0.625270,0.625050
12/2/18,0.729381,0.722346,0.669551,0.549638,0.760353,0.545868,0.522416,0.499712,0.584331,0.699428,0.557895,0.731281,0.600310,0.699175,0.741435,0.687528
12/3/18,0.637848,0.694738,0.510852,0.584726,0.680842,0.734641,0.515792,0.551834,0.621493,0.682363,0.530897,0.614909,0.687839,0.563264,0.687767,0.568863
12/4/18,0.601330,0.708138,0.470591,0.733461,0.549981,0.525276,0.731398,0.660526,0.470814,0.709489,0.681281,0.435197,0.430081,0.430871,0.458120,0.679262
12/5/18,0.595299,0.656122,0.713287,0.552757,0.546262,0.577485,0.552642,0.724779,0.514117,0.606579,0.638807,0.681177,0.712726,0.734783,0.752856,0.661554
12/6/18,0.582688,0.683841,0.559742,0.649170,0.754529,0.677223,0.741318,0.622138,0.702091,0.593945,0.741692,0.550589,0.518703,0.553883,0.717569,0.578603
12/7/18,0.609335,0.662538,0.679665,0.773495,0.697358,0.588800,0.718796,0.576444,0.539071,0.759123,0.609576,0.719456,0.742613,0.589514,0.685796,0.533402
12/8/18,0.726557,0.549266,0.724020,0.644915,0.590819,0.736169,0.746169,0.749541,0.545176,0.645429,0.751511,0.682344,0.571596,0.535001,0.594837,0.671139
12/9/18,0.597314,0.784871,0.764284,0.743642,0.654665,0.604937,0.632959,0.653045,0.787825,0.566906,0.726194,0.766045,0.738139,0.595201,0.557832,0.651951
12/10/18,0.680959,0.607473,0.617503,0.678922,0.611290,0.663218,0.812566,0.709101,0.672646,0.688874,0.628604,0.715426,0.620247,0.614728,0.759466,0.674851
12/11/18,0.607108,0.720905,0.675347,0.817761,0.681035,0.627056,0.695211,0.779632,0.671927,0.646841,0.781533,0.693297,0.644882,0.721003,0.604493,0.815084
12/12/18,0.669720,0.692910,0.779883,0.735605,0.821110,0.807791,0.773669,0.642712,0.720298,0.723657,0.807477,0.711735,0.786089,0.797332,0.825791,0.830020
12/13/18,0.792692,0.763160,0.805088,0.779033,0.652789,0.659839,0.731707,0.701913,0.808230,0.790533,0.617343,0.636029,0.714407,0.731327,0.754878,0.779694
12/14/18,0.703493,0.767237,0.734658,0.753548,0.677015,0.671534,0.772230,0.681848,0.811479,0.779729,0.619793,0.746513,0.748509,0.658015,0.709646,0.624891
12/15/18,0.806875,0.806965,0.693960,0.719067,0.793768,0.652663,0.772634,0.734725,0.740104,0.726643,0.718776,0.743230,0.775592,0.824417,0.816706,0.836118
12/16/18,0.700166,0.663563,0.778833,0.737619,0.709583,0.770299,0.667273,0.731973,0.720646,0.788476,0.702492,0.794745,0.808940,0.825761,0.839664,0.803819
12/17/18,0.767218,0.696640,0.741274,0.749517,0.757735,0.755148,0.805233,0.672244,0.752187,0.840796,0.823993,0.738667,0.674389,0.734395,0.774999,0.761320
12/18/18,0.804868,0.803635,0.832829,0.822373,0.724494,0.772979,0.719456,0.715525,0.804318,0.862602,0.729333,0.800401,0.845111,0.723532,0.714575,0.865112
12/19/18,0.753816,0.740449,0.749204,0.706963,0.692742,0.680611,0.769382,0.837943,0.836118,0.802901,0.701983,0.790827,0.749199,0.703281,0.783029,0.794628
12/20/18,0.849735,0.826261,0.839428,0.803987,0.791390,0.811866,0.806074,0.819013,0.699634,0.786479,0.840605,0.719458,0.756429,0.772640,0.740326,0.858684
12/21/18,0.801497,0.868358,0.794019,0.801650,0.846894,0.841789,0.831706,0.868284,0.824872,0.797623,0.871017,0.793378,0.757541,0.769006,0.781875,0.788615
12/22/18,0.876257,0.865800,0.854852,0.766536,0.831515,0.777646,0.774176,0.872926,0.863610,0.766252,0.838528,0.873950,0.760853,0.756687,0.870242,0.742881
12/23/18,0.842539,0.828648,0.814336,0.731624,0.812629,0.745108,0.781923,0.825207,0.800521,0.769711,0.748511,0.829002,0.817270,0.828436,0.835048,0.850485
12/24/18,0.888928,0.771150,0.811015,0.860440,0.821380,0.800514,0.823213,0.865103,0.879987,0.872251,0.891351,0.807426,0.811887,0.788740,0.869300,0.854497
12/25/18,0.887069,0.785223,0.855970,0.797223,0.838963,0.886083,0.820198,0.852248,0.899131,0.826815,0.791930,0.811194,0.851733,0.836525,0.847928,0.823394
12/26/18,0.855343,0.811178,0.893864,0.834206,0.885952,0.836338,0.804470,0.831919,0.879662,0.876398,0.872235,0.891724,0.834109,0.865350,0.892269,0.896738
12/27/18,0.811773,0.912659,0.853691,0.850464,0.850086,0.862997,0.903087,0.839124,0.817129,0.868558,0.852806,0.901025,0.864601,0.872052,0.810529,0.876608
12/28/18,0.917577,0.898572,0.847043,0.895756,0.849921,0.863012,0.913293,0.859036,0.898154,0.848205,0.873085,0.880835,0.833706,0.896910,0.918111,0.885659
12/29/18,0.842886,0.834213,0.861563,0.856627,0.910208,0.894376,0.906464,0.863219,0.897005,0.896885,0.913153,0.833606,0.909177,0.897196,0.910124,0.876097
12/30/18,0.874245,0.874204,0.852990,0.912586,0.855391,0.928211,0.929001,0.915963,0.901424,0.882299,0.909890,0.922874,0.879295,0.907378,0.849745,0.890234
12/31/18,0.922131,0.874219,0.900235,0.908123,0.930578,0.912363,0.875633,0.890857,0.884944,0.874524,0.873035,0.925694,0.910146,0.926072,0.905117,0.913718
